,City,Cloudiness,Country,Date,Humidity,Lat,Lon,Max Temp,Wind Speed
0,jamestown,84,AU,1564277687,45,-33.21,138.6,18.98,6.71
1,leningradskiy,93,RU,1564277687,85,69.38,178.42,6.76,7.77
2,buraydah,0,SA,1564277687,30,26.33,43.97,30.0,1.0
3,kapaa,75,US,1564277688,74,22.08,-159.32,31.0,6.7
4,ust-karsk,100,RU,1564277688,98,52.71,118.82,15.08,3.86
5,rikitea,91,PF,1564277688,91,-23.12,-134.97,21.86,8.73
6,saskylakh,99,RU,1564277688,45,71.97,114.09,12.55,6.52
7,stokmarknes,44,NO,1564277688,80,68.56,14.91,18.89,11.26
8,hobart,20,AU,1564277623,54,-42.88,147.33,12.22,3.6
9,ushuaia,20,AR,1564277689,56,-54.81,-68.31,7.0,2.1
10,mataura,100,NZ,1564277689,77,-46.19,168.86,12.78,0.45
11,sao fidelis,0,BR,1564277689,94,-21.65,-41.75,16.38,1.42
12,chitral,100,PK,1564277689,71,35.85,71.79,9.59,2.87
13,busselton,70,AU,1564277689,54,-33.64,115.35,13.33,3.5
14,butaritari,86,KI,1564277689,65,3.07,172.79,29.79,3.92
15,landeck,75,AT,1564277690,93,47.14,10.57,16.11,1.5
16,yellowknife,40,CA,1564277690,41,62.45,-114.38,15.0,6.7
17,mackay,20,CA,1564277690,51,53.65,-115.58,17.0,5.7
18,tasiilaq,100,GL,1564277690,53,65.61,-37.64,11.0,7.2
19,kruisfontein,0,ZA,1564277690,22,-34.0,24.73,18.29,4.54
20,mar del plata,0,AR,1564277691,52,-46.43,-67.52,3.18,2.19
21,lorengau,100,PG,1564277691,81,-2.02,147.27,26.83,5.14
22,lima,90,PE,1564277691,82,-12.06,-77.04,16.0,4.1
23,punta arenas,40,CL,1564277691,85,-53.16,-70.91,5.0,10.8
24,saint-philippe,1,CA,1564277691,57,45.36,-73.48,25.0,2.6
25,faanui,39,PF,1564277691,78,-16.48,-151.75,26.24,9.86
26,jember,2,ID,1564277692,39,-8.17,113.7,26.24,2.24
27,vaini,75,IN,1564277692,94,15.34,74.49,22.0,6.2
28,torbay,5,CA,1564277692,63,47.66,-52.73,18.33,8.2
29,esperance,75,AU,1564277692,93,-33.86,121.89,12.0,1.5
30,arraial do cabo,1,BR,1564277692,88,-22.97,-42.02,19.56,4.48
31,hermanus,0,ZA,1564277692,98,-34.42,19.24,10.56,1.76
32,tual,70,ID,1564277693,84,-5.67,132.75,24.68,9.47
33,hithadhoo,0,MV,1564277693,68,-0.6,73.08,27.98,0.21
34,bethel,75,US,1564277601,59,60.79,-161.76,16.0,3.6
35,cape town,75,ZA,1564277693,93,-33.93,18.42,16.11,0.5
36,ahipara,100,NZ,1564277694,100,-35.17,173.16,16.11,6.07
37,new norfolk,20,AU,1564277694,54,-42.78,147.06,12.22,3.6
38,solhan,0,TR,1564277694,51,38.97,41.05,14.53,2.67
39,bambous virieux,75,MU,1564277694,94,-20.34,57.76,22.0,5.1
40,labytnangi,100,RU,1564277694,88,66.66,66.39,5.21,1.11
41,port alfred,0,ZA,1564277695,10,-33.59,26.89,22.43,8.94
42,carutapera,11,BR,1564277695,86,-1.2,-46.02,24.9,2.69
43,hasaki,75,JP,1564277695,94,35.73,140.83,25.0,2.6
44,san patricio,15,PY,1564277695,96,-26.98,-56.83,8.11,2.34
45,magistralnyy,93,RU,1564277695,41,56.17,107.45,24.6,4.2
46,ribeira grande,0,PT,1564277696,88,38.52,-28.7,22.36,5.8
47,pangnirtung,100,CA,1564277696,80,66.15,-65.72,7.38,1.01
48,tsiroanomandidy,2,MG,1564277696,83,-18.77,46.05,11.5,1.33
49,poum,98,MK,1564277696,74,41.28,20.71,15.53,1.28
50,sam chuk,100,TH,1564277696,63,14.75,100.09,29.55,1.69
51,tshikapa,57,CD,1564277697,25,-6.42,20.79,16.56,0.97
52,rostov,0,UA,1564277697,91,51.96,33.74,16.7,2.2
53,sawakin,23,SD,1564277697,50,19.1,37.33,29.15,3.23
54,margate,20,AU,1564277697,54,-43.03,147.26,12.22,3.6
55,lompoc,1,US,1564277524,77,34.64,-120.46,28.0,5.7
56,la mesa,1,US,1564277697,47,32.77,-117.02,31.67,3.6
57,georgetown,75,GY,1564277698,94,6.8,-58.16,25.0,2.1
58,longyearbyen,0,NO,1564277698,61,78.22,15.63,10.0,1.0
59,aksum,86,ET,1564277698,92,14.12,38.72,15.98,1.86
60,fukue,40,JP,1564277698,83,35.03,136.69,32.78,3.1
61,taybad,0,IR,1564277698,20,34.74,60.78,27.61,6.07
62,shalya,100,RU,1564277698,94,57.25,58.73,15.28,2.78
63,nirgua,10,VE,1564277699,95,10.15,-68.57,20.51,2.07
64,bredasdorp,0,ZA,1564277699,93,-34.53,20.04,12.0,1.5
65,hervey bay,0,AU,1564277699,43,-25.3,152.85,27.22,2.1
66,norman wells,75,CA,1564277699,52,65.28,-126.83,18.0,6.2
67,camabatela,86,AO,1564277699,93,-8.19,15.37,15.57,0.89
68,port lincoln,100,AU,1564277700,76,-34.72,135.86,13.52,4.64
69,puerto ayora,40,EC,1564277700,78,-0.74,-90.35,22.0,7.2
70,te anau,100,NZ,1564277700,85,-45.41,167.72,9.5,0.59
71,emerald,0,AU,1564277700,27,-23.53,148.16,23.0,2.6
72,carnarvon,0,ZA,1564277700,33,-30.97,22.13,11.01,5.16
73,gallup,1,US,1564277417,28,35.53,-108.74,31.0,4.6
74,pisco,0,PE,1564277701,82,-13.71,-76.2,15.0,5.1
75,praia da vitoria,20,PT,1564277701,83,38.73,-27.07,22.22,6.81
76,ribas do rio pardo,0,BR,1564277701,81,-20.45,-53.76,14.25,2.96
77,severo-kurilsk,100,RU,1564277702,99,50.68,156.12,9.2,8.5
78,kenora,20,CA,1564277702,50,49.76,-94.48,25.0,1.5
79,coari,11,BR,1564277702,68,-4.09,-63.14,24.48,0.76
80,cururupu,0,BR,1564277702,95,-1.82,-44.87,22.55,1.14
81,nanortalik,100,GL,1564277702,86,60.14,-45.24,6.39,4.94
82,fort nelson,75,CA,1564277703,82,58.81,-122.69,18.0,1.5
83,atuona,59,PF,1564277703,74,-9.8,-139.03,26.78,8.92
84,mayo,90,CA,1564277703,63,63.59,-135.9,18.0,4.6
85,ostrovnoy,100,RU,1564277703,86,68.05,39.51,3.7,10.94
86,malacacheta,38,BR,1564277703,83,-17.84,-42.08,13.76,0.34
87,port huron,1,US,1564277704,61,42.98,-82.44,28.33,3.6
88,lata,100,IN,1564277704,95,30.78,78.62,8.43,1.44
89,kerema,70,PG,1564277704,77,-7.96,145.78,24.68,5.61
90,thompson,40,CA,1564277534,50,55.74,-97.86,24.0,5.1
91,afua,100,NG,1564277704,96,5.27,7.87,22.25,2.4
92,albany,1,US,1564277441,57,42.65,-73.75,26.11,0.77
93,gat,100,SN,1564277705,88,14.69,-16.54,28.0,2.6
94,tarakan,20,ID,1564277705,74,3.3,117.63,28.0,2.6
95,kavieng,89,PG,1564277705,81,-2.57,150.8,27.28,7.24
96,lagunas,13,PE,1564277705,97,-5.23,-75.68,21.57,0.99
97,cayenne,0,GF,1564277649,94,4.94,-52.33,25.0,1.6
98,castro,20,CL,1564277705,100,-42.48,-73.76,2.0,1.5
99,tarauaca,0,BR,1564277706,81,-8.16,-70.77,19.72,1.39
100,maragogi,48,BR,1564277706,94,-9.01,-35.22,20.71,1.35
101,sechura,9,PE,1564277624,87,-5.56,-80.82,18.04,4.68
102,provideniya,13,RU,1564277706,52,64.42,-173.23,11.77,3.82
103,san policarpo,100,PH,1564277706,74,12.18,125.51,28.91,5.12
104,calvinia,6,ZA,1564277707,23,-31.47,19.78,15.23,5.93
105,kaitangata,100,NZ,1564277707,59,-46.28,169.85,13.33,2.24
106,kupino,0,RU,1564277707,58,54.36,77.31,22.14,5.06
107,qaanaaq,32,GL,1564277707,60,77.48,-69.36,5.07,0.88
108,zdzieszowice,4,PL,1564277707,93,50.42,18.12,17.78,2.02
109,saint george,0,GR,1564277707,83,39.45,22.34,21.0,0.4
110,santa maria,0,BR,1564277708,48,-16.02,-48.01,19.0,2.6
111,victoria,75,BN,1564277537,74,5.28,115.24,29.0,2.6
112,lagoa,0,PT,1564277708,82,37.14,-8.45,20.0,3.1
113,geraldton,20,CA,1564277708,68,49.72,-86.95,22.0,3.1
114,barrow,73,AR,1564277708,71,-38.31,-60.23,4.78,3.81
115,sakaiminato,75,JP,1564277709,55,35.55,133.23,32.0,2.1
116,araouane,0,ML,1564277709,31,18.9,-3.53,34.27,4.76
117,kargil,99,PK,1564277709,59,34.56,76.13,12.49,1.17
118,avarua,100,CK,1564277704,78,-21.21,-159.78,23.0,2.6
119,alanya,0,TR,1564277709,93,36.55,32.0,19.0,2.1
120,ponta do sol,0,BR,1564277710,61,-20.63,-46.0,14.49,1.26
121,coquimbo,100,CL,1564277710,93,-29.95,-71.34,9.0,1.5
122,abapo,0,BO,1564277710,61,-18.83,-63.47,11.18,1.18
123,hilo,40,US,1564277710,61,19.71,-155.08,28.0,4.6
124,vigrestad,0,NO,1564277710,68,58.57,5.7,21.11,1.0
125,barra do corda,77,BR,1564277710,60,-5.5,-45.25,26.09,0.35
126,ajdabiya,0,LY,1564277711,61,30.75,20.22,24.81,2.38
127,talaja,100,IN,1564277711,76,21.35,72.04,27.59,7.58
128,beringovskiy,100,RU,1564277711,81,63.05,179.32,11.44,3.67
129,nikolskoye,0,RU,1564277711,82,59.7,30.79,21.11,2.0
130,solnechnyy,86,RU,1564277711,73,50.72,136.64,20.55,1.8
131,gravdal,11,NO,1564277712,88,59.79,5.78,19.44,3.6
132,dikson,100,RU,1564277712,96,73.51,80.55,1.71,3.5
133,upernavik,94,GL,1564277712,69,72.79,-56.15,5.67,3.26
134,porbandar,100,IN,1564277712,78,21.64,69.61,28.82,12.01
135,outjo,0,NA,1564277712,19,-20.11,16.16,14.0,1.5
136,damavand,40,IR,1564277712,17,35.72,52.07,30.0,2.1
137,bluff,0,AU,1564277713,38,-23.58,149.07,22.99,2.82
138,diego de almagro,79,CL,1564277713,84,-26.39,-70.05,6.65,0.52
139,kutum,64,SD,1564277713,67,14.2,24.66,23.71,10.65
140,shamary,100,RU,1564277713,97,57.34,58.22,14.71,2.74
141,honningsvag,100,NO,1564277713,78,70.98,25.97,6.52,3.85
142,gamba,100,CN,1564277713,59,28.28,88.52,8.73,1.81
143,lebu,75,ET,1564277714,93,8.96,38.73,14.0,1.0
144,dezful,0,IR,1564277714,17,32.38,48.4,28.42,3.6
145,grindavik,75,IS,1564277714,87,63.84,-22.43,14.0,9.3
146,bulembu,0,SZ,1564277714,87,-25.95,31.13,11.0,0.5
147,vieste,75,IT,1564277714,61,41.88,16.18,27.78,1.5
148,sahuaripa,100,MX,1564277497,94,29.05,-109.23,22.35,2.75
149,pacific grove,20,US,1564277433,68,36.62,-121.92,34.44,3.1
150,valleyview,100,CA,1564277456,77,55.07,-117.28,14.46,5.52
151,toropets,0,RU,1564277715,91,56.5,31.64,16.22,2.14
152,khatanga,54,RU,1564277715,52,71.98,102.47,16.06,3.6
153,esfahan,0,IR,1564277427,18,32.66,51.68,21.0,3.1
154,natal,40,BR,1564277437,88,-5.81,-35.21,23.0,1.5
155,krasnaya gora,0,RU,1564277716,93,53.01,31.6,18.0,1.0
156,kodiak,1,US,1564277716,65,39.95,-94.76,27.22,2.6
157,tatarsk,0,RU,1564277716,73,55.22,75.96,20.09,4.57
158,labuan,75,BN,1564277716,74,5.28,115.24,29.0,2.6
159,east london,2,ZA,1564277716,13,-33.02,27.91,18.89,2.68
160,talnakh,75,RU,1564277717,87,69.49,88.39,7.0,1.0
161,asosa,100,ET,1564277717,90,10.07,34.53,17.67,0.55
162,flinders,90,AU,1564277717,58,-34.58,150.85,17.78,2.1
163,hillsborough,20,US,1564277717,41,37.57,-122.38,30.56,8.7
164,kokopo,100,PG,1564277717,93,-4.34,152.27,24.98,1.38
165,lavrentiya,32,RU,1564277717,66,65.58,-170.99,11.34,5.11
166,finnsnes,56,NO,1564277718,93,69.23,17.98,12.78,7.7
167,vardo,1,US,1564277718,54,39.62,-77.74,27.0,2.6
168,ostersund,0,SE,1564277718,77,63.18,14.64,19.0,1.5
169,west wendover,1,US,1564277718,24,40.74,-114.07,32.0,2.6
170,teknaf,94,BD,1564277718,83,20.86,92.31,28.13,10.73
171,souillac,0,FR,1564277719,88,45.6,-0.6,17.0,3.1
172,la romana,20,DO,1564277662,88,18.43,-68.97,28.0,2.75
173,broken hill,5,AU,1564277719,39,-31.97,141.45,18.0,4.1
174,port hardy,75,CA,1564277719,87,50.7,-127.42,16.0,2.1
175,kavaratti,72,IN,1564277719,78,10.57,72.64,27.51,4.18
176,acari,0,BR,1564277719,74,-6.44,-36.64,23.23,7.17
177,tahe,100,CN,1564277720,94,52.34,124.71,18.46,2.68
178,san marcos de colon,100,HN,1564277720,72,13.43,-86.8,23.56,3.67
179,guerrero negro,34,MX,1564277720,82,27.97,-114.04,21.1,7.18
180,port shepstone,0,ZA,1564277720,21,-30.74,30.45,15.35,3.63
181,chokurdakh,99,RU,1564277720,73,70.62,147.9,4.67,4.76
182,vidim,20,CZ,1564277721,82,50.47,14.53,20.56,3.6
183,mahajanga,0,MG,1564277721,77,-15.72,46.32,19.0,2.1
184,tiksi,87,RU,1564277721,74,71.64,128.87,4.29,3.37
185,qaqortoq,100,GL,1564277721,30,60.72,-46.03,14.0,7.7
186,sungaipenuh,99,ID,1564277721,64,-2.08,101.38,28.65,1.59
187,muros,20,ES,1564277721,93,42.77,-9.06,17.22,1.0
188,hualmay,23,PE,1564277722,88,-11.1,-77.61,15.69,7.39
189,antofagasta,90,CL,1564277722,67,-23.65,-70.4,14.0,1.5
190,kyotera,97,UG,1564277722,52,-0.63,31.54,16.57,1.19
191,san cristobal,100,HN,1564277722,87,14.68,-86.92,19.57,1.91
192,temixco,90,MX,1564277722,72,18.85,-99.22,25.56,3.6
193,bela vista,0,BR,1564277722,71,-22.11,-56.53,11.78,1.97
194,bytosh,0,RU,1564277723,92,53.82,34.09,16.63,2.39
195,rocha,0,UY,1564277723,94,-34.48,-54.34,5.26,1.04
196,nelson bay,25,AU,1564277723,63,-32.72,152.14,18.89,2.6
197,monterey,20,US,1564277424,68,36.6,-121.89,34.44,3.1
198,tiznit,0,MA,1564277723,90,29.7,-9.73,19.22,7.56
199,broome,100,GB,1564277723,93,52.47,1.45,17.22,5.1
200,liverpool,75,GB,1564277579,100,53.41,-2.98,16.0,5.7
201,mocuba,57,MZ,1564277724,99,-16.84,36.99,15.36,1.99
202,cihuatlan,75,MX,1564277724,66,19.24,-104.57,31.0,5.1
203,namatanai,99,PG,1564277724,87,-3.66,152.44,25.29,2.68
204,licheng,100,CN,1564277724,73,24.5,110.4,30.23,2.65
205,tuatapere,100,NZ,1564277725,77,-46.13,167.69,12.78,0.45
206,rawson,100,AR,1564277725,55,-43.3,-65.11,8.7,9.26
207,iisalmi,0,FI,1564277725,77,63.56,27.19,21.0,3.6
208,huron,1,US,1564277478,57,44.36,-98.21,30.0,2.1
209,coihaique,0,CL,1564277639,99,-45.58,-72.07,2.0,3.6
210,ust-kuyga,0,RU,1564277725,44,70.0,135.55,10.42,4.47
211,tuy hoa,85,VN,1564277726,49,13.08,109.3,30.69,5.38
212,mitu,0,IR,1564277726,58,36.2,46.09,17.62,1.62
213,sitka,27,US,1564277726,39,37.17,-99.65,29.44,4.47
214,qasigiannguit,20,GL,1564277726,70,68.82,-51.19,8.0,4.28
215,nurota,0,UZ,1564277726,49,40.56,65.69,21.0,4.1
216,kozan,0,TR,1564277726,92,37.45,35.82,25.0,2.68
217,kenai,90,US,1564277727,87,60.55,-151.26,15.56,2.6
218,formosa do rio preto,47,BR,1564277727,61,-11.04,-45.19,18.41,1.63
219,gisborne,69,NZ,1564277727,53,-38.66,178.02,16.67,1.79
220,sarangani,86,PH,1564277727,75,5.4,125.46,28.12,4.71
221,moree,0,AU,1564277681,29,-29.46,149.84,19.0,1.5
222,bua yai,72,TH,1564277728,68,15.59,102.43,28.26,5.46
223,london,70,GB,1564277438,87,51.51,-0.13,16.67,4.6
224,mahebourg,75,MU,1564277728,94,-20.41,57.7,22.0,5.1
225,boyolangu,0,ID,1564277728,45,-8.09,111.9,27.24,2.93
226,hitoyoshi,75,JP,1564277728,62,32.2,130.77,29.0,1.0
227,chulman,0,RU,1564277728,50,56.84,124.9,23.57,4.16
228,malinovoye ozero,48,RU,1564277729,41,51.68,79.77,23.54,2.07
229,saint anthony,75,US,1564277589,35,43.97,-111.68,27.0,6.2
230,marystown,68,CA,1564277541,90,47.17,-55.16,14.64,4.84
231,almaty,40,KZ,1564277584,59,43.24,76.95,17.0,1.0
232,zyryanka,50,RU,1564277729,41,65.73,150.89,15.2,1.64
233,port elizabeth,1,US,1564277729,69,39.31,-74.98,26.0,2.68
234,luderitz,67,NA,1564277730,81,-26.65,15.16,11.0,0.5
235,lazaro cardenas,20,MX,1564277730,17,28.39,-105.62,34.0,2.1
236,wanaka,100,NZ,1564277730,71,-44.7,169.14,10.56,0.89
237,luau,19,CD,1564277730,31,-10.7,22.23,11.34,1.51
238,halifax,75,CA,1564277730,77,44.65,-63.58,18.89,3.1
239,linxia,1,CN,1564277731,59,35.6,103.21,22.06,2.56
240,manoel urbano,0,BR,1564277731,75,-8.84,-69.26,18.65,1.74
241,vila franca do campo,40,PT,1564277731,94,37.72,-25.43,22.0,5.1
242,ancud,20,CL,1564277731,100,-41.87,-73.83,2.0,1.5
243,abeche,95,TD,1564277731,63,13.83,20.83,27.42,4.9
244,kawhia,100,NZ,1564277731,71,-38.07,174.82,15.56,4.02
245,le vauclin,40,MQ,1564277732,78,14.55,-60.84,28.0,3.6
246,makakilo city,90,US,1564277732,58,21.35,-158.09,31.67,8.2
247,tuktoyaktuk,40,CA,1564277732,42,69.44,-133.03,18.0,5.7
248,ust-kut,75,RU,1564277732,39,56.78,105.75,25.54,3.47
249,feijo,75,EC,1564277732,83,-3.63,-79.92,32.0,2.1
250,viytivka,43,UA,1564277733,70,48.43,29.54,17.96,3.07
251,utena,0,LT,1564277733,93,55.5,25.6,15.88,2.51
252,verkhnevilyuysk,4,RU,1564277733,43,63.45,120.31,26.95,2.66
253,huarmey,27,PE,1564277733,88,-10.07,-78.15,16.12,7.45
254,la primavera,0,AR,1564277733,55,-32.92,-68.67,9.0,1.0
255,druzhba,0,UA,1564277733,91,52.05,33.94,16.7,2.2
256,fray bentos,46,AR,1564277734,85,-33.12,-58.31,10.56,1.79
257,lagoa formosa,0,BR,1564277734,44,-18.77,-46.41,12.22,2.27
258,ziro,100,IN,1564277734,95,27.54,93.82,17.65,1.03
259,bonthe,100,SL,1564277734,88,7.53,-12.5,24.64,7.61
260,dingle,100,PH,1564277734,86,11.0,122.67,26.74,2.66
261,vestmannaeyjar,100,IS,1564277735,92,63.44,-20.27,12.38,12.22
262,saldanha,0,PT,1564277735,68,41.42,-6.55,14.11,2.95
263,henties bay,0,NA,1564277735,97,-22.12,14.28,11.67,1.79
264,capitan bado,0,PY,1564277735,91,-23.27,-55.53,8.88,1.42
265,chuy,0,UY,1564277735,90,-33.69,-53.46,8.98,2.84
266,ixtapa,75,MX,1564277736,74,20.71,-105.21,29.0,2.1
267,manta,24,RO,1564277736,71,45.1,24.1,18.91,3.2
268,praia,0,BR,1564277736,72,-20.25,-43.81,16.0,1.0
269,balsas,69,BR,1564277455,43,-7.53,-46.04,26.21,1.52
270,synya,100,RU,1564277736,96,65.37,58.04,8.11,2.83
271,cidreira,1,BR,1564277736,92,-30.17,-50.22,10.43,1.98
272,sao filipe,100,CV,1564277737,76,14.9,-24.5,24.04,0.82
273,camocim,84,BR,1564277701,79,-2.9,-40.84,24.04,2.65
274,cap malheureux,75,MU,1564277737,94,-19.98,57.61,22.0,5.1
275,belyy yar,40,RU,1564277737,93,53.6,91.39,16.0,1.0
276,laguna,40,BZ,1564277737,88,16.17,-88.94,27.0,1.2
277,miandrivazo,27,MG,1564277738,70,-19.53,45.46,15.99,1.44
278,paramonga,83,PE,1564277738,91,-10.68,-77.82,14.93,5.92
279,roma,75,IT,1564277570,88,41.89,12.48,27.0,10.8
280,port macquarie,25,AU,1564277738,55,-31.43,152.91,21.67,3.1
281,inirida,100,CO,1564277738,97,3.87,-67.92,21.97,0.73
282,okhotsk,0,RU,1564277738,59,59.36,143.24,20.27,3.97
283,anloga,40,GH,1564277739,94,5.79,0.9,25.0,4.1
284,gushikawa,40,JP,1564277739,74,26.35,127.87,31.0,2.6
285,yulara,0,AU,1564277739,16,-25.24,130.99,20.0,1.0
286,bullhead city,1,US,1564277693,7,35.15,-114.57,46.0,3.1
287,talaya,0,RU,1564277739,77,55.79,84.89,16.0,4.0
288,barra dos coqueiros,40,BR,1564277740,83,-10.91,-37.04,24.0,4.1
289,lasa,0,CY,1564277740,83,34.92,32.53,25.0,2.6
290,magadan,0,RU,1564277536,72,59.56,150.8,11.48,2.1
291,arvika,0,SE,1564277740,88,59.65,12.59,19.44,2.6
292,deniliquin,5,AU,1564277740,73,-35.53,144.96,13.89,0.96
293,rabo de peixe,40,PT,1564277740,94,37.8,-25.58,22.0,5.1
294,mmathubudukwane,0,BW,1564277741,70,-24.61,26.43,8.0,3.1
295,namibe,0,AO,1564277741,83,-15.19,12.15,18.37,3.6
296,klaksvik,0,FO,1564277741,87,62.23,-6.59,14.0,6.2
297,salalah,90,OM,1564277741,100,17.01,54.1,24.0,1.0
298,batemans bay,0,AU,1564277741,60,-35.71,150.18,16.11,0.45
299,kamaishi,40,JP,1564277742,66,39.28,141.86,30.0,3.1
300,riyadh,0,SA,1564277742,23,24.63,46.72,30.0,1.5
301,seymchan,74,RU,1564277742,58,62.93,152.39,17.64,6.84
302,cabo san lucas,40,MX,1564277742,65,22.89,-109.91,32.22,6.2
303,christchurch,100,NZ,1564277742,87,-43.53,172.64,14.44,1.5
304,zhaoyuan,100,CN,1564277742,55,45.52,125.08,31.26,7.77
305,sinnamary,0,GF,1564277743,83,5.38,-52.96,27.03,5.73
306,vilhena,0,BR,1564277537,59,-12.74,-60.15,19.31,1.98
307,russell,1,US,1564277512,33,38.9,-98.86,31.0,6.7
308,gobabis,0,NA,1564277743,28,-22.45,18.97,7.0,0.5
309,karratha,0,AU,1564277743,24,-20.74,116.85,28.68,2.05
310,amga,63,RU,1564277743,31,60.89,131.98,26.61,1.93
311,sedona,1,US,1564277744,16,34.87,-111.79,36.0,6.2
312,nishihara,75,JP,1564277744,83,35.74,139.53,31.11,1.5
313,katsuura,40,JP,1564277744,79,33.93,134.5,30.0,3.1
314,nemuro,20,JP,1564277744,58,43.32,145.57,31.0,3.6
315,kabo,100,CF,1564277744,97,7.69,18.62,21.01,0.69
316,bonavista,0,CA,1564277745,80,48.65,-53.11,16.63,7.05
317,marzuq,100,YE,1564277745,55,14.4,46.47,25.48,2.36
318,azovo,98,RU,1564277745,87,54.7,73.03,16.0,1.0
319,hofn,100,IS,1564277745,99,64.25,-15.21,5.8,1.32
320,sao gabriel da cachoeira,37,BR,1564277745,96,-0.13,-67.09,22.33,0.86
321,adeje,100,NG,1564277746,92,5.68,5.76,23.65,4.2
322,tyukhtet,0,RU,1564277746,52,56.54,89.31,20.76,2.39
323,iskateley,100,RU,1564277746,95,67.68,53.15,5.8,2.89
324,itoman,20,JP,1564277746,74,26.12,127.67,31.0,4.6
325,cody,1,US,1564277747,28,44.53,-109.06,29.0,2.6
326,maralal,98,KE,1564277747,80,1.1,36.7,17.39,1.75
327,mao,20,DO,1564277747,70,19.55,-71.08,29.0,5.7
328,cherskiy,100,RU,1564277451,50,68.75,161.3,8.99,2.17
329,jiayuguan,0,CN,1564277747,17,39.77,98.29,23.9,2.05
330,shelton,1,US,1564277747,83,41.32,-73.09,24.44,0.92
331,nuuk,78,GL,1564277615,87,64.17,-51.74,9.0,6.2
332,bima,3,ID,1564277748,37,-8.45,118.73,31.07,1.79
333,grand-lahou,99,CI,1564277748,90,5.24,-5.0,23.01,1.77
334,batouri,100,CM,1564277748,99,4.44,14.36,19.63,1.94
335,am timan,88,TD,1564277748,95,11.04,20.28,22.42,2.97
336,zaranj,0,AF,1564277749,27,30.95,61.86,31.0,9.3
337,maymyo,75,MM,1564277749,88,22.03,96.47,25.0,3.6
338,berdigestyakh,0,RU,1564277749,32,62.1,126.7,29.87,2.12
339,takoradi,100,GH,1564277749,89,4.89,-1.75,22.99,2.25
340,porto novo,0,BR,1564277749,93,-23.68,-45.44,17.0,2.6
341,jadu,0,LY,1564277749,18,31.95,12.03,30.01,7.43
342,quang ngai,100,VN,1564277747,50,15.12,108.8,33.24,0.57
343,erie,75,US,1564277750,57,42.13,-80.09,25.0,3.1
344,vokhma,82,RU,1564277750,93,58.93,46.76,11.49,3.56
345,astrea,3,CO,1564277750,84,9.5,-73.98,25.67,0.59
346,hirado,90,JP,1564277750,94,33.32,129.49,30.0,5.1
347,high level,75,CA,1564277750,63,58.52,-117.13,18.0,3.6
348,husavik,0,CA,1564277751,70,50.56,-96.99,21.12,3.59
349,avera,1,US,1564277751,57,33.19,-82.53,26.67,1.42
350,cockburn town,0,TC,1564277751,81,21.46,-71.14,28.06,7.48
351,clyde river,90,CA,1564277751,100,70.47,-68.59,5.0,6.7
352,devgarh,92,IN,1564277751,77,31.13,77.45,23.93,1.28
353,takestan,20,IR,1564277751,68,36.07,49.69,18.0,1.0
354,saint-dizier,90,FR,1564277752,88,48.64,4.95,17.22,4.6
355,inuvik,75,CA,1564277752,32,68.36,-133.71,19.0,3.6
356,pevek,100,RU,1564277752,96,69.7,170.27,0.99,2.09
357,cedar rapids,1,US,1564277752,65,41.98,-91.67,28.0,3.27
358,bocana de paiwas,100,NI,1564277753,98,12.79,-85.12,20.63,1.77
359,haines junction,53,CA,1564277753,59,60.75,-137.51,11.0,5.51
360,portland,40,US,1564277753,82,43.66,-70.25,20.0,2.6
361,los llanos de aridane,90,ES,1564277753,64,28.66,-17.92,23.0,6.2
362,ambilobe,87,MG,1564277753,93,-13.19,49.05,21.36,0.79
363,iquitos,0,PE,1564277753,88,-3.75,-73.25,24.0,1.5
364,aksarka,80,RU,1564277754,66,66.56,67.8,7.85,6.87
365,mehamn,100,NO,1564277754,83,71.03,27.85,5.6,4.69
366,qandala,100,SO,1564277754,52,11.47,49.87,29.96,10.87
367,airai,0,TL,1564277754,44,-8.93,125.41,28.96,1.79
368,rio gallegos,0,AR,1564277518,56,-51.62,-69.22,6.0,4.6
369,benjamin constant,0,BR,1564277754,100,-4.38,-70.03,23.0,0.63
370,udachnyy,90,RU,1564277755,100,66.42,112.4,8.0,1.0
371,krasnoslobodsk,49,RU,1564277755,94,54.42,43.79,16.51,5.54
372,bowen,0,AU,1564277755,50,-20.01,148.25,25.56,4.1
373,yar-sale,100,RU,1564277755,69,66.83,70.83,6.82,5.89
374,warrnambool,100,AU,1564277755,73,-38.38,142.48,12.22,3.13
375,nouakchott,40,MR,1564277755,88,18.08,-15.98,25.0,5.7
376,nokaneng,0,BW,1564277756,36,-19.66,22.19,8.87,2.05
377,constitucion,75,MX,1564277756,26,23.99,-104.67,26.0,3.6
378,mayumba,0,GA,1564277756,84,-3.44,10.65,21.28,2.67
379,susangerd,0,IR,1564277756,45,31.56,48.19,30.0,2.1
380,mount gambier,90,AU,1564277757,71,-37.83,140.78,12.0,4.6
381,novosheshminsk,86,RU,1564277757,87,55.06,51.22,16.79,2.79
382,edeia,0,BR,1564277757,49,-17.34,-49.93,19.05,2.71
383,chenzhou,77,CN,1564277757,56,25.81,113.03,33.61,2.83
384,hamilton,40,CA,1564277479,69,43.26,-79.87,26.67,4.6
385,brae,55,GB,1564277758,82,60.4,-1.35,17.0,5.7
386,turukhansk,100,RU,1564277758,88,65.8,87.96,11.99,4.33
387,padang,32,ID,1564277758,74,-0.92,100.36,27.62,4.23
388,algeciras,71,ES,1564277758,83,36.13,-5.45,23.0,6.2
389,ciudad guayana,95,VE,1564277759,87,8.32,-62.69,25.0,2.86
390,viesca,40,MX,1564277759,19,25.34,-102.81,35.0,3.6
391,upanema,67,BR,1564277759,81,-5.64,-37.26,22.97,3.02
392,bolobo,97,CD,1564277759,58,-2.17,16.23,25.86,1.36
393,kilindoni,100,TZ,1564277759,79,-7.91,39.67,24.8,8.97
394,mongoumba,95,CD,1564277760,93,3.64,18.59,21.92,0.32
395,bambanglipuro,97,ID,1564277760,84,-7.95,110.28,23.23,5.94
396,bilibino,90,RU,1564277760,49,68.06,166.44,7.86,2.75
397,narsaq,100,GL,1564277760,30,60.91,-46.05,14.0,7.7
398,mezhdurechensk,4,RU,1564277761,63,53.69,88.07,19.29,1.61
399,pierre,1,US,1564277761,54,44.37,-100.35,27.0,3.1
400,walvis bay,0,NA,1564277761,93,-22.95,14.51,15.0,2.6
401,tabou,97,CI,1564277761,93,4.42,-7.36,23.05,2.41
402,paraiso,0,BR,1564277761,100,-0.03,-51.17,27.0,4.1
403,guozhen,100,CN,1564277762,60,29.3,113.14,34.61,6.26
404,chiang rai,20,TH,1564277762,94,19.9,99.84,26.11,2.1
405,lokhvytsya,4,UA,1564277762,92,50.37,33.26,17.32,1.67
406,tobermory,0,CA,1564277762,90,45.25,-81.67,19.44,3.04
407,naze,100,NG,1564277762,97,5.43,7.07,22.34,2.3
408,orapa,0,BW,1564277763,89,-21.28,25.37,8.1,3.82
409,aloleng,1,PH,1564277763,73,16.13,119.78,28.64,3.81
410,parintins,32,BR,1564277763,72,-2.63,-56.73,24.67,0.59
411,eyl,99,SO,1564277763,60,7.98,49.82,23.32,12.48
412,williams lake,75,CA,1564277763,76,52.13,-122.14,14.0,4.1
413,meulaboh,37,ID,1564277764,73,4.14,96.13,26.61,1.62
414,ust-nera,100,RU,1564277764,40,64.57,143.24,20.39,3.16
415,kailua,40,US,1564277764,78,21.39,-157.74,31.67,6.7
416,richards bay,0,ZA,1564277764,81,-28.77,32.06,18.27,8.29
417,ucluelet,20,CA,1564277526,72,48.94,-125.55,22.22,5.7
418,veraval,20,FR,1564277764,93,49.65,0.71,14.44,2.6
419,dillon,1,US,1564277765,38,45.22,-112.64,26.11,5.1
420,tynda,8,RU,1564277765,64,55.15,124.74,21.04,3.49
421,myitkyina,100,MM,1564277599,98,25.38,97.4,22.52,0.66
422,agadez,6,NE,1564277765,39,16.97,7.99,32.26,5.92
423,panormos,0,GR,1564277765,62,38.37,22.25,22.22,0.89
424,beyneu,87,KZ,1564277765,48,45.32,55.19,25.37,7.61
425,jinji,84,CN,1564277765,63,22.16,112.49,32.78,2.68
426,campoverde,75,EC,1564277766,81,-0.91,-78.62,9.0,7.2
427,fairbanks,40,US,1564277499,45,64.84,-147.72,21.0,2.6
428,goderich,100,CA,1564277766,65,43.74,-81.71,26.11,4.92
429,auki,6,NG,1564277766,90,12.18,6.51,22.98,3.57
430,kununurra,29,AU,1564277766,28,-15.77,128.74,29.0,2.6
431,ovre ardal,83,NO,1564277766,77,61.32,7.8,12.68,1.21
432,dongfeng,0,CN,1564277767,70,42.67,125.53,29.78,5.1
433,vlasim,20,CZ,1564277767,82,49.71,14.9,19.44,3.6
434,codrington,40,AU,1564277767,68,-28.95,153.24,20.56,3.1
435,chernyakhovsk,0,RU,1564277767,96,54.64,21.81,14.91,3.54
436,porto belo,75,BR,1564277767,82,-27.15,-48.54,16.11,2.6
437,gigmoto,100,PH,1564277768,76,13.78,124.39,28.31,5.45
438,santiago del estero,0,AR,1564277768,57,-27.8,-64.26,12.0,4.01
439,andros town,75,BS,1564277768,79,24.73,-77.79,29.0,3.6
440,calama,0,CL,1564277768,9,-22.46,-68.93,10.0,2.6
441,port-gentil,80,GA,1564277768,84,-0.72,8.78,23.5,6.13
442,sohag,0,EG,1564277769,34,26.55,31.7,27.0,3.6
443,ulundi,0,ZA,1564277769,39,-28.29,31.43,9.72,2.53
444,kirakira,82,SB,1564277769,84,-10.46,161.92,27.26,6.73
445,sainte-thecle,1,CA,1564277769,73,46.82,-72.5,24.0,1.5
446,hambantota,0,LK,1564277769,100,6.12,81.12,25.0,2.1
447,chapada dos guimaraes,0,BR,1564277770,68,-15.46,-55.75,21.0,2.1
448,goundi,100,TD,1564277770,97,9.36,17.37,22.12,1.97
449,huangmei,90,CN,1564277770,66,30.1,115.95,34.16,4.55
450,hami,0,CN,1564277770,25,42.84,93.51,27.51,5.54
451,hornepayne,1,CA,1564277770,89,49.22,-84.78,16.26,3.28
452,bridgeton,1,US,1564277740,69,38.77,-90.41,28.33,2.1
453,guadalupe y calvo,45,MX,1564277771,97,26.09,-106.96,15.9,0.63
454,thunder bay,20,CA,1564277771,60,48.41,-89.26,24.0,3.1
455,vilyuysk,0,RU,1564277771,37,63.75,121.63,27.21,2.88
456,carauari,0,BR,1564277771,76,-4.88,-66.9,22.08,0.85
457,khani,40,GE,1564277771,93,41.96,42.96,18.0,2.1
458,mahon,0,IE,1564277772,87,51.89,-8.4,12.0,3.6
459,sidi ali,0,DZ,1564277772,83,36.1,0.42,23.72,7.45
460,arman,0,RU,1564277772,51,59.7,150.17,20.84,2.95
461,ust-ilimsk,100,RU,1564277772,56,57.96,102.73,21.18,4.52
462,san pedro,5,AR,1564277773,77,-33.68,-59.66,9.44,2.91
463,adrar,0,DZ,1564277773,12,27.87,-0.29,34.0,4.6
464,kalia,35,BD,1564277773,74,23.05,89.63,30.38,6.66
465,tanout,70,NE,1564277773,55,14.97,8.88,28.94,9.05
466,mbinga,11,TZ,1564277773,74,-10.95,35.0,21.27,8.82
467,westport,1,US,1564277774,73,41.14,-73.36,24.44,3.1
468,byron bay,4,AU,1564277774,72,-28.65,153.62,23.33,5.1
469,guachucal,12,CO,1564277774,82,0.96,-77.73,11.16,2.58
470,xinzhou,67,CN,1564277651,68,38.41,112.73,26.51,2.03
471,malinyi,90,TZ,1564277774,55,-8.94,36.14,19.85,1.06
472,rockhampton,0,AU,1564277774,44,-23.38,150.51,25.0,1.5
473,tura,0,RU,1564277775,51,64.27,100.22,18.55,3.8
474,arlit,0,NE,1564277775,21,18.74,7.39,35.83,2.49
475,bacolod,100,PH,1564277775,82,10.68,122.95,26.94,6.56
476,birin,75,NP,1564277775,83,26.89,88.07,27.0,3.1
477,saint-michel-des-saints,95,CA,1564277551,6,46.68,-73.92,23.89,0.45
478,zaysan,0,KZ,1564277776,44,47.47,84.87,19.56,0.88
479,nome,1,US,1564277776,83,30.04,-94.42,30.56,2.23
480,brufut,40,GM,1564277776,88,13.38,-16.75,26.0,1.5
481,fortuna,1,US,1564277776,68,40.6,-124.16,21.0,7.2
482,mangrol,3,IN,1564277776,79,25.33,76.51,27.12,2.43
483,stromness,40,CA,1564277776,69,42.87,-79.55,26.11,4.6
484,half moon bay,20,US,1564277777,41,37.46,-122.43,31.11,8.7
485,shawville,100,CA,1564277777,67,45.61,-76.49,26.11,2.73
486,verkhoyansk,95,RU,1564277777,39,67.55,133.39,16.64,3.9
487,ilulissat,20,GL,1564277777,70,69.22,-51.1,8.0,5.03
488,sturgeon bay,1,US,1564277576,65,44.83,-87.38,26.0,2.1
489,boende,27,CD,1564277778,91,-0.28,20.88,22.19,0.94
490,belmonte,0,PT,1564277778,94,40.36,-7.35,18.89,0.51
491,svetlogorsk,40,RU,1564277778,76,53.14,59.15,14.0,2.0
492,oktyabrskiy,0,RU,1564277537,82,55.61,37.97,22.22,3.0
493,san juan de los morros,100,VE,1564277778,96,9.91,-67.35,19.69,0.7
494,alepe,20,CI,1564277778,94,5.5,-3.66,25.0,3.6
495,srandakan,97,ID,1564277778,84,-7.94,110.25,23.23,5.94
496,zhigansk,91,RU,1564277779,40,66.77,123.37,15.24,7.2
497,srivardhan,100,IN,1564277779,83,18.03,73.02,27.12,8.1
498,makat,77,KZ,1564277779,53,47.65,53.35,22.91,6.2
499,san luis,75,AR,1564277305,35,-33.3,-66.34,13.36,5.45
500,iqaluit,75,CA,1564277779,66,63.75,-68.52,11.0,8.7
501,sur,41,OM,1564277780,69,22.57,59.53,27.01,7.54
502,anadyr,40,RU,1564277780,71,64.73,177.51,14.0,8.0
503,lerwick,55,GB,1564277780,82,60.15,-1.15,17.0,5.7
504,jega,78,NG,1564277780,67,12.22,4.38,27.7,5.59
505,venice,1,US,1564277598,74,27.1,-82.45,29.0,3.6
506,kaeo,100,NZ,1564277780,100,-35.1,173.78,16.11,5.42
507,shelburne,1,CA,1564277739,57,44.08,-80.2,26.0,3.1
508,umm lajj,0,SA,1564277781,74,25.02,37.27,29.09,2.32
509,swan river,0,CA,1564277781,76,52.11,-101.27,20.49,3.87
510,cotonou,40,BJ,1564277781,94,6.37,2.43,25.0,3.6
511,kongolo,56,CD,1564277781,36,-5.39,27.0,18.56,2.07
512,samarai,67,PG,1564277781,72,-10.62,150.67,24.6,4.61
513,shar,93,NG,1564277781,95,7.3,8.73,22.83,3.12
514,dubova,2,UA,1564277782,84,49.2,27.92,16.55,4.01
515,puno,0,PE,1564277782,48,-15.84,-70.03,7.0,2.1
516,itoigawa,4,JP,1564277782,78,37.02,137.87,28.06,4.33
517,fougamou,56,GA,1564277782,86,-1.22,10.59,20.19,0.77
518,kaliua,2,TZ,1564277782,46,-5.06,31.79,11.8,1.79
519,diamantina,0,BR,1564277783,69,-18.24,-43.6,14.82,3.0
520,aykhal,90,RU,1564277783,100,65.95,111.51,8.0,1.0
521,nabire,100,ID,1564277783,98,-3.36,135.5,20.57,2.06
522,sao joao da barra,0,BR,1564277783,95,-21.64,-41.05,17.04,0.48
523,xuddur,88,SO,1564277783,77,4.12,43.89,20.85,7.83
524,liepaja,10,LV,1564277783,100,56.52,21.02,19.0,2.1
525,nouna,98,BF,1564277784,69,12.73,-3.87,27.48,2.74
526,port blair,75,IN,1564277703,94,11.67,92.75,25.0,0.5
527,nagato,40,JP,1564277784,89,34.35,131.14,32.22,4.1
528,zarubino,50,RU,1564277784,63,42.65,131.06,28.88,2.68
529,ekpoma,96,NG,1564277784,99,6.74,6.14,21.84,2.41
530,sambava,100,MG,1564277785,99,-14.27,50.17,18.85,0.55
531,north auburn,75,US,1564277785,46,47.34,-122.23,23.89,5.1
532,fereydunshahr,0,IR,1564277785,27,32.94,50.12,17.46,2.07
533,sao felix do xingu,42,BR,1564277785,59,-6.64,-51.99,21.26,1.28
534,zaragoza,20,SV,1564277785,61,13.59,-89.29,28.0,2.6
535,zhaozhou,65,CN,1564277785,56,45.71,125.27,31.23,8.36
536,tres arroyos,73,AR,1564277786,71,-38.38,-60.28,4.78,3.81
537,kahului,40,US,1564277677,41,20.89,-156.47,33.0,10.3
538,homer,90,US,1564277786,100,59.64,-151.54,13.0,2.6
539,ondjiva,0,AO,1564277786,19,-17.07,15.73,10.77,3.31
540,orcopampa,0,PE,1564277786,37,-15.27,-72.34,0.63,1.03
541,erenhot,0,CN,1564277786,20,43.65,111.97,28.4,9.28
542,havre-saint-pierre,40,CA,1564277787,77,50.23,-63.6,19.0,3.1
543,evensk,100,RU,1564277787,65,61.92,159.24,12.93,2.16
544,shingu,40,JP,1564277787,88,33.72,135.99,28.0,3.6
545,tomatlan,21,MX,1564277787,69,19.93,-105.25,28.05,4.35
546,atar,0,MR,1564277787,38,20.52,-13.05,28.65,4.29
547,biak,77,ID,1564277787,72,-0.91,122.88,21.25,3.23
548,aljezur,11,PT,1564277788,82,37.31,-8.8,20.0,8.01
549,nyurba,0,RU,1564277788,39,63.29,118.35,27.23,2.35
550,boa vista,100,BR,1564277788,82,2.82,-60.67,25.5,2.08
551,yarega,100,RU,1564277788,95,63.43,53.58,9.14,1.89
